CUSTOMER_ID,x_customer_id,y_customer_id,mean_amount,mean_nb_tx_per_day
0,54.88135039273247,71.51893663724195,62.262520726806166,2.1795327319875875
1,42.36547993389047,64.58941130666561,46.57078506995579,3.567092003128319
2,96.36627605010293,38.34415188257777,80.21387861785314,2.115579679011618
3,56.80445610939323,92.5596638292661,11.74842552879926,0.34851719880616283
4,2.021839744032572,83.2619845547938,78.9248913402358,3.4800485929872766
5,97.8618342232764,79.91585642167236,48.84053941402853,3.122116705145822
6,11.827442586893323,63.99210213275238,18.618562303859406,3.7786756681983356
7,52.184832175007166,41.46619399905236,30.132783149939563,3.0969347577368667
8,45.615033221654855,56.84339488686485,6.785031041453738,2.4705419883035082
9,61.20957227224214,61.69339968747569,94.6560674588893,2.7272811964139336
10,35.9507900573786,43.703195379934144,71.27496361309016,0.24090188651707933
11,66.67667154456677,67.06378696181594,24.986343302014884,0.5157051906194132
12,31.542835092418386,36.37107709426226,59.168693189698566,1.7544060538492814
13,98.83738380592261,10.204481074802807,24.843291829009296,0.645238071539985
14,65.31083254653984,25.329160253978213,49.2995234213491,0.977702368006411
15,15.896958364551972,11.037514116430513,67.35131099920098,0.5527318053944552
16,19.65823616800535,36.872517066096414,82.99435683555383,0.3884051031722451
17,83.7944907498804,9.609840789396307,97.7636491762726,1.8746048065908063
18,97.67610881903371,60.4845519745046,75.23004004283865,0.1567511690172827
19,28.280696257640958,12.01965612131689,33.13331876460377,0.4749108758169762
20,31.798317939397602,41.426299451466996,11.094012153134514,2.7698884774800794
21,56.660145420657514,26.53894909394454,54.708565079336466,0.3757620430337667
22,57.59464955561793,92.92961975762141,35.264050482875746,2.6696415198547268
23,13.179786240439217,71.63272041185655,32.4935788299841,0.7327654480284673
24,58.65129348100832,2.0107546187493552,83.7493027756495,0.018781904770188262
25,67.781653679623,27.000797319216485,74.84343210164651,3.848754180469753
26,24.875314351995804,57.61573344178369,61.24398347082471,2.2890076231634935
27,22.308163264061832,95.2749011516985,47.4769109686746,3.3856346898845113
28,69.94792753175044,29.743695085513366,82.31079287173533,1.5860229633879386
29,88.11031971111616,58.12728726358587,88.76485937621102,2.7701263603110635
30,72.52542798196406,50.13243819267023,95.82794529870627,2.5759607969185496
31,42.38550485581797,60.639321412792434,6.8233538393866855,1.2062992666981973
32,66.01735374926851,29.007760721044406,63.71146575488994,1.7150748037830645
33,13.547406422245023,29.828232595603076,59.146666516620165,2.363491044992693
34,57.43252488495788,65.32008198571336,66.94981065016044,1.7256737417358958
35,89.6546595851063,36.75618700478965,46.40716790023455,3.5676934200626884
36,80.61939890460857,70.38885835403663,14.521554294668606,3.677930454978694
37,71.42412995491114,99.88470065678665,19.197588942509405,3.472504229472857
38,16.249293467637482,61.55595642838442,16.762898370696945,3.3920329172889376
39,80.73189587250107,56.91007386145933,43.68241323646997,0.2766679818205522
40,69.74287731445636,45.35426826780689,73.59528194968306,3.4655293037145167
41,97.55215050028858,85.5803342392611,6.112837997575188,1.4399122579134556
42,72.9990562424058,17.162967726144053,54.49847758939228,0.21735195335701452
43,19.999652489640006,1.8521794460613972,80.40128181895496,0.8956987522415205
44,34.53516806969027,92.80812934655908,71.91936818273561,0.1273557181252314
45,16.469415649791273,62.14784014997635,59.83671591739592,0.9515712854980345
46,93.42139979247938,61.3965955965896,55.88511628737104,2.359639905418284
47,73.01220295167697,31.194499547960184,42.83100091052873,0.8393749959004886
48,18.619300588033617,94.43723899839335,75.25732552968232,1.9618352344702683
49,22.741462797332325,25.435648177039294,10.512770230768183,1.737666502232483
50,31.179588199410258,69.63434888154595,40.886424732785684,0.7184147102385392
51,2.467872839133123,6.724963146324859,69.5423134823639,1.8147873782241812
52,53.65792111087222,89.6671293040342,99.08220000268692,0.8675879375938957
53,66.30782031001007,26.332237673715063,6.961844949244225,3.033514615344566
54,32.00171508224678,38.3463894171898,60.890125787592545,3.3241938209447617
55,62.89818435911487,87.26506554473953,30.986493307485397,3.192187335650255
56,18.56359443059522,95.27916569719446,70.31138625684245,0.8620307084542338
57,94.73705904889242,73.08558067701578,29.124456046527452,0.8532479094699279
58,51.82007139306633,2.5662718054531575,24.709657166905394,1.698741875006025
59,37.41699803342256,46.35754243648107,31.374727097999532,2.347137385832675
60,86.38556059232315,11.75318559620331,54.151015179640844,0.5282724253806133
61,71.68596811925937,39.60597028072937,58.71502462655835,0.7331193448563145
62,14.484775934337723,48.80562806489546,38.78321009574579,3.761727781011252
63,76.53252538069653,74.86636198505472,90.85337527586368,0.3336897417680742
64,55.219246992240656,58.44760689557689,96.38395596198676,1.1685901071701954
65,24.08287799154468,10.029394226549782,6.560814811190049,3.718117267168762
66,66.99165465909101,78.51529120231378,31.764360046625164,2.3456406647453067
67,6.395526612098113,48.56275959346229,97.86203827572244,3.506020981266363
68,33.81589518368456,96.15701545414986,27.01165451476443,3.7972752896627258
69,94.13777047064985,79.92025873523917,64.89255400234515,3.497151866499788
70,29.302028450779673,84.89435553129182,63.69828573216476,0.05294743103559796
71,34.72335179322196,14.814086094816503,98.27379203273405,1.9134812281599523
72,49.73913654986627,63.94725163987236,40.01553758231366,0.5476010867423957
73,82.21177331942455,18.984791190275796,53.57530334191332,0.897268115898957
74,9.784448449403405,86.21915174216834,97.42735145719737,3.8433386322520007
75,90.6555499221179,77.40473326986388,36.64878944272098,0.32440555995198705
76,40.72411714138073,23.223414217094273,17.586325302008383,0.21370872714730105
77,72.55943642105788,1.1427458625031028,78.20517110776375,0.5877865816015002
78,7.952208258675575,8.960303423860537,68.84454169862187,0.9814688394113791
79,42.05394666800984,55.73687913239169,86.75236151373541,2.908177050845313
80,27.032790523871462,13.14827992911276,10.260560440013805,1.20639453792377
81,26.211814923967825,45.614056680047966,69.91172687702964,2.782501782555429
82,28.351884658216665,37.99269559001205,22.209341365005788,3.154182049226075
83,5.68480764332403,69.69972417249873,78.97606261440482,3.1096302473950126
84,25.942256434535494,37.38131379325614,60.821965343656956,1.091287609697868
85,37.085279921788874,19.705428018563964,48.6863089568207,0.17844920501645634
86,79.9795884570618,7.695644698663273,54.289339138994976,1.2272403981807845
87,57.75429488313755,95.9433340833425,66.32917322332037,0.14144974302196367
88,43.04024395080612,51.00168523182502,55.936861996827936,2.7255700424153515
89,27.759609773176606,12.88605654663202,42.30418927197396,3.8256228911837953
90,18.713089175084473,90.3983954928237,56.661565257346005,1.8276456865830633
91,88.20414102298896,45.860396176858586,73.7959254780966,1.596101286812408
92,90.40443929009577,69.00250201912273,71.4640951537991,1.3108816062284756
93,75.67786427368893,63.60610554471413,27.801925971072407,0.6421552899410257
94,79.63914745173317,95.91666030352225,48.52318858970407,2.3639366612947397
95,85.77226441935547,45.722345335385704,95.42807529910993,2.3030046481794897
96,82.07671207013149,90.88437184127383,82.47476278301404,0.6376578537958237
97,62.88984390617004,39.84342586196771,10.95773044221784,1.6961290075593678
98,25.86840668894077,84.90383084285108,8.163939521936138,3.835930887453894
99,35.536884847192965,35.67068904025429,6.55120775495225,0.7409293009447357
100,40.12595008036087,92.9291417302714,14.463418371020776,3.781206133916318
101,86.94885305466322,45.41623969075518,36.03658376798471,0.9309765171162274
102,61.446470647687434,3.307459147550562,6.48257612244868,1.7151828899929513
103,6.807407397472021,25.19409882460929,26.010286957877966,1.0127647748914077
104,13.105523121525774,1.203622289765427,15.971008228181068,2.4739210380509915
105,97.42562128180504,99.0345001560894,43.86013906044085,0.6518177041864215
106,63.87617573665293,49.03053465487371,98.99392884202099,0.2612168286071208
107,78.32344383138131,28.839849733149393,27.93476890727453,2.650018286130704
108,24.606318499096446,66.58591175591877,54.14430913421743,1.6963559537433972
109,55.4687808661419,28.705151991962975,72.124597095933,1.659427477334256
110,36.05455604858923,82.86569145557378,92.87185663555326,0.1840292435491877
111,23.262699282976552,34.85193694925633,82.4218155401735,3.9419657105731902
112,96.89717046703518,90.49483455499269,33.172845181082835,3.9680449736578964
113,24.942004105645122,10.590615488223222,95.34049805026244,0.9336810218723852
114,68.97682650777504,5.835635898058866,74.41736441711024,3.5268808493353587
115,27.24368954659625,37.90568960774286,40.558137415487025,2.9951530301605325
116,23.780724253903884,17.185309904764303,47.682706625335115,1.217873629509278
117,83.91891222586524,23.774182601563876,52.72699846147984,3.7703343987917215
118,63.39976977446607,86.72894054624648,94.31992048870289,3.0030594475454078
119,69.95750602247513,96.79655666042271,99.46807501652954,1.8072867306790386
120,7.086977818420836,29.279403144051884,19.473697040334393,1.6699454991840472
121,13.128932847325602,60.4117804020882,41.36676561999614,3.58154353715284
122,96.77946717985019,54.688490166942216,31.108239137421677,2.368921675047347
123,89.67611582244098,40.67333458357483,57.44743628573723,1.0866110704245835
124,45.5444149450027,40.17135353795987,28.599279182882245,2.0234655353012334
125,31.03808259798114,37.303486388074745,54.872192014155104,3.00238009171595
126,33.35074657912753,92.41587666207636,86.92026194941073,0.19476118390211417
127,25.364252425682277,44.613551265920194,14.939649430535038,1.3939039561339883
128,74.00975256176825,68.05144811428259,64.12652071377046,2.8421136108893825
129,20.492368695970175,34.169811486473215,69.24303581635897,3.5169390521253083
130,54.36780538280952,28.269965094553662,7.8723495105683465,2.8413473158968534
131,0.7884103508440377,37.267906982099554,55.40103538346427,3.688445847068772
132,8.94945450329001,40.59423219682837,7.309753972464988,1.3704439373663613
133,62.22310588397949,27.906794822859837,24.926245217285334,0.4628129333083746
134,57.714024402034184,69.5270005904686,68.83592835660312,3.7954440828820295
135,0.27032138935026984,64.7196653894036,62.03726252427576,2.3549584398811527
136,96.27703198402425,1.6871673370039697,71.16583091663776,3.2547145988074537
137,50.980719662158414,33.396486959680914,80.12981550660346,0.3889717025296986
138,44.203563772992524,51.99523745708382,70.92585903878201,0.36354292812963784
139,22.775950153786095,41.030156269012565,64.21299393691241,3.54784312486967
140,61.88261682413765,13.346147093493443,98.15511261479183,3.4871429390219717
141,50.2720761145324,92.2347981796633,56.4311754069279,3.6932242715566526
142,82.98973686033432,96.82864102942973,92.37936702392504,0.14413526971427792
143,17.477200416093996,38.913467710118574,95.45355624306498,1.2001156779037183
144,16.046764388760103,88.630466608656,47.407469470904275,3.6315023774173043
145,16.023046632014328,66.11175115080995,46.82505651880172,0.3059470761211416
146,69.64631446525006,24.73987555391537,8.763474645054185,0.23977719299829303
147,6.107853706678734,90.77329574850394,75.2889721937646,3.5922494288549403
148,67.25823112965213,52.89399290308832,33.922404613000936,3.9918490053146938
149,36.21890589393894,47.06489492139095,40.93329161772887,3.9181077173418344
150,17.465838539500577,32.798800090807966,69.63312327142515,0.2528304733545226
151,60.7249374011541,47.76465028764161,31.979997792399605,0.953653123696232
152,51.45127432987567,36.792758053704134,48.369389669952255,1.3499095270569597
153,97.04936935959776,13.343943174560401,14.196375551945549,1.3735669151636642
154,59.102690087049126,65.91764718500282,42.739390980964,3.9971119756886844
155,35.18929961930426,72.14066679599524,65.57035598042532,3.2522154529898426
156,97.622566345382,88.97936564455402,77.63338756398231,2.7929939112731623
157,33.54981696758996,14.768557820670736,10.950420290681928,0.9676068168059393
158,43.22814811812986,52.19962736299825,78.4429376352128,3.834963692226372
159,11.732048038481102,10.700414019379156,61.02099868628732,2.981592295789172
160,84.81503803469849,93.58320802167886,98.42549301476099,1.5992067688981035
161,38.03351835275731,14.780867669727238,70.06877167493815,2.6270478337633483
162,86.20625958512072,9.725799478764063,52.28880624340747,2.3243277186882523
163,24.15570400399184,16.902540612916127,86.66017945986404,0.23413968894223514
164,47.06209039180729,11.583400130088528,48.4205823264799,3.919849305369237
165,42.37063534554728,85.71249175045673,16.14497859740342,1.0850083070474565
166,40.37927406673345,39.98121400093307,68.78143047366456,1.3788725095020307
167,71.37668684100163,63.91868992253925,42.92030879920344,1.727040510617277
168,61.45276998103208,7.004219014464463,83.12864014379058,2.6136846444545476
169,72.63424644178352,53.692300108239046,15.49532554421575,1.6201424531877997
170,40.53735828485561,32.10429900432169,7.845280865951189,2.9490169703859093
171,10.97844580625007,60.630813304508514,71.8056621643855,2.539145291734779
172,95.91422519779749,10.329815508513862,87.38088011499391,0.11676093939565302
173,53.4916854927084,40.424361793925875,54.79746673740703,1.4603995082400392
174,19.056691494006806,1.912289744868978,54.22423231016156,3.3711074507393692
175,37.32159557447942,22.286381801498024,12.650540329825187,0.34124369247481345
176,22.13964462927722,10.001406092155518,30.178771344625794,0.26459784846781886
177,6.560486720992564,85.6276179622782,20.401424767339158,2.238729623293792
178,77.34555444490306,45.64095653390666,19.570043396637843,0.7983845684804574
179,43.29842062811807,52.82340891785358,38.196827744610815,3.1259184009386454
180,75.10216488563984,92.7211807373118,7.750492157561251,3.5827651648408136
181,39.2568788462151,87.83724953799941,70.6245537348703,3.9493950282958727
182,75.9282451716668,36.45446259967866,52.60100141930145,1.505556620777405
183,36.49118360212381,26.090449938105976,52.11717806047961,2.726959780277445
184,27.734027130524353,52.437981107721995,16.151127946202934,0.6393811474167652
185,4.680635471218874,97.07314427706328,5.366733393474804,0.7143198722306252
186,61.286675311699234,8.13695988533053,88.78016779419907,2.8784806313691527
187,96.63899714378934,50.763554724076485,33.53834990005629,2.1980022911810857
188,93.08187172979731,52.07614372418605,30.38466802692027,3.5095951566964785
189,37.19187485124613,0.13833499989991394,28.530077136770014,1.2729340367082496
190,85.87774682319022,45.8503167066445,47.23579234207357,1.3444090655995495
191,88.06781230470796,94.50267769403914,99.22958126968979,1.506965067843947
192,96.61474456271714,79.18795696309013,69.19046902620535,0.9795579176803977
193,21.64572609442098,16.604782452124567,92.66187797140971,1.1763066495326644
194,45.30942454488785,49.39578339872235,78.92630156777415,3.3769398462120965
195,13.90727011486128,42.69043602110737,85.07121434436843,3.2721332230233537
196,10.24137584524164,15.6383348867963,33.898875701943744,0.30143627633336134
197,42.46630028405929,10.76177051495819,58.98067139863528,0.9862277592446245
198,59.64330653496227,11.752564290363765,97.70896749976067,3.7302448154293617
199,39.17969385646658,24.217859412608544,28.787830221089415,1.9335741408095681
200,3.9992801900716968,63.9705106075127,43.788776292275756,1.5096262903555493
201,80.93649714891984,70.903546018329,95.66171246230574,1.4077449619827629
202,89.75427646494055,76.99671862500888,38.95534190149774,2.486661745813031
203,28.856995765169557,87.43999170748424,15.680595135169568,0.8497374451761641
204,18.303329207992114,40.302600240428866,75.79713120305227,2.1076297962087214
205,48.76763235382076,0.05459648969956543,45.4131639087302,0.2542150993446337
206,20.825325212148382,93.23939389604944,25.46282941260763,3.43335055453705
207,80.28933715613343,15.914623694224284,62.54263594067649,0.46264748762005325
208,72.78881583695114,63.746227737220664,82.13416336064684,1.9175381975567523
209,91.48630878333829,4.934894678843971,32.8244136775664,2.860210389860668
210,41.810921174800086,17.29513542711564,15.185020815711873,3.2693564458464857
211,47.31429784656442,88.22836719191073,74.66246776008897,1.6389048225229743
212,37.351101415568365,51.56383466512517,89.46069555302422,2.9491143188566715
213,0.515296426902323,69.41578513691256,92.35320365605297,2.8418230380179663
214,17.700578156749593,48.35181274274587,18.330021702724842,1.4359811133585283
215,93.71170419405178,92.33053075587083,31.869500956727876,1.3585241766647966
216,60.02128681312939,96.319729526038,19.041126736212092,1.0276665747466764
217,87.35568272907715,49.18922317083445,90.40130376156802,0.7420715900927051
218,53.26685874713607,32.62696326493724,35.071543189785224,1.7875078557847965
219,43.30774491012684,35.734687967795445,91.92222317998376,2.926976741731571
220,72.75469913315297,28.99134495919554,59.88239531009983,3.116717733207336
221,79.5590368543213,34.453046075431224,78.23291187402154,2.943575587230932
222,14.150648562190026,86.59454685664772,46.92553966713903,1.9456417955546619
223,44.836917889799736,56.78460014775075,64.0110784998702,1.9927182630517737
224,86.67885432590955,62.77347561952844,43.135655184024394,1.6667670276348439
225,81.08386151289514,34.81919427465201,25.08820559932929,0.23753275202315693
226,87.60268479205742,91.854645119035,16.411417305530218,1.3378949659844594
227,17.537206951524386,11.589846882587974,90.48734058500287,0.22750903658142185
228,98.04856634690069,9.645086069738419,87.02971167339065,2.266024427956651
229,36.791748781787334,34.23423766251579,76.94959360758233,1.2582931800171488
230,65.73189166171419,51.732608351608015,51.071736290016695,3.6046486825966464
231,55.46450586202596,82.68616030486949,73.92948573964149,0.1542289842359934
232,77.31100525054192,21.687025009104065,90.7992164508993,0.17169676243532805
233,33.307203447431874,9.973294723475401,50.18096612306016,3.280089743479007
234,29.81873596630641,15.09348973110416,36.37536839120543,3.255520567682544
235,14.038395779934687,22.73624490775018,11.540936626870526,2.8228401759584307
236,39.52332435363368,31.083997714331602,73.26950708240943,1.343910169361021
237,72.77712732144181,81.51993953143135,25.677970128485153,3.8952747873839333
238,16.235794791266677,29.084090665674257,22.080552629186453,1.3820226254253378
239,48.006088782075565,52.21758690021191,86.09257401814584,3.557791635263466
240,22.010386078090637,62.289403218575245,15.59212544337798,1.8358794407282732
241,32.23335380466181,31.65007454536064,50.8455029626496,2.91931054211707
242,6.91826587923895,87.91733376874045,74.8073085899033,0.7059975555562406
243,93.91609090873703,50.631222402338864,99.9818149211117,0.7890378972029506
244,53.490819838320135,29.02480425599284,33.89648795197842,2.3642615233359607
245,92.17190668708332,80.52638555791751,73.77443285762595,2.236695128406809
246,92.22985036674477,49.236140669088414,88.01405694179823,3.335926575506527
247,21.383534680158654,77.12254629659103,6.156259909609583,1.29131815019235
248,22.95674446919498,50.68629584873135,75.00105035967462,0.3907054697908965
249,51.49222019367684,93.84120216943856,26.721422343379825,2.7085645764456965
250,59.28802707811576,1.006369565609333,50.20348860643616,2.8350815637641946
251,4.39754320240906,87.95214830237302,54.40773458038894,0.12264419330287168
252,22.44136119208402,95.3675696427313,60.32037463994526,0.42989027107521816
253,28.75445022805615,45.67036258604842,6.990256580434394,1.6464620544550352
254,48.94586354346981,24.36778752812322,60.92070502773873,3.0129604783687074
255,23.58342241056355,62.04999002799877,65.76411308155545,3.794161204515364
256,77.82761672964438,84.8345269790006,51.58989130144614,0.7413943479175313
257,99.5815292959635,12.93557610386996,49.78844533865521,0.2723723969684264
258,94.38508573508196,96.49249408484395,73.34196089037749,1.3999713745206757
259,25.438240111762433,26.53033245370474,17.0929324149071,2.1032358123068917
260,14.18172757014775,31.67306665534563,64.53711521611496,2.9101744383629993
261,2.4272704622061214,43.011598437673996,66.9518365100032,3.4129839046340513
262,47.532478221208244,96.92058717176852,30.23509201643749,0.05403482650687552
263,48.37528647017362,25.611379502001796,83.2531788422011,0.9310906887244483
264,31.06292182913063,79.12274310191123,72.9386089424092,2.23220494662905
265,70.49480619227595,41.86368635700265,5.504454523393441,0.04542051404877023
266,51.122178757368665,8.329097971899923,9.852170616079395,3.8620665565498933
267,85.90026396580586,15.202722720956952,5.063100766069427,3.7666711815590257
268,27.83252983201143,18.58976028554975,70.69327024399585,0.4356149553653048
269,26.46495980028003,97.50946802120465,65.74896357503097,2.082711165930214
270,39.791861483493776,77.4500954884202,18.390960269750906,3.8693512081479287
271,86.11230080657867,61.76569825692433,9.076088088243026,2.803422597790951
272,91.32843408854808,52.457706747862595,38.65135807358996,0.4811093799178785
273,75.49011041375682,88.50218512118062,14.523915687205616,3.0359382190093678
274,1.7060486259097507,96.70549180772196,63.43051196033414,2.2097562359665326
275,29.59498335889278,92.92916715697834,30.261034596995145,3.3125864528667797
276,98.5108679337132,78.33966455148058,54.304042436711015,0.2642970554066877
277,47.241378917107305,43.82559469717036,24.265623912764546,1.6943505468572178
278,35.77578840803387,16.368426115164848,46.930543616586185,1.0511998252979562
279,52.20624206822644,3.516005971619418,91.091984879792,3.2654572220794242
280,55.25813325105046,85.18085827572432,96.42753201202605,0.44208917621064225
281,63.08318084098038,99.79940009356586,98.84947108668499,2.4132919691629784
282,12.802087045081667,58.31928309905282,5.196140379570063,0.7956453386674385
283,95.612315955996,33.04405726028439,65.64706004881012,1.1234379785289708
284,94.78218871115895,72.85587299494868,36.3168599702342,3.1670456847214834
285,10.816552447633764,39.23189400654594,26.01572213450127,2.734905789104185
286,10.244628177193038,39.70258322826741,31.28172436987301,2.0253716772952166
287,34.989768050387895,70.6410577667011,7.334817309161776,2.53594768522363
288,23.057128969382003,26.870902875684934,81.02428234043474,3.8222735759216833
289,31.65502100270866,82.68052703690756,14.879129607267144,2.5359266120295327
290,75.10322995349188,15.597792803445653,45.470226828608254,3.570828656995926
291,10.357846344837219,1.809635820147515,61.105611009553705,1.7421261621237338
292,79.86892488839027,92.34555382041066,33.41959623166253,1.5536164686764211
293,48.627208632931485,58.81514604352993,98.46611381975359,2.789321003320206
294,38.95485073455688,26.376768645046212,94.73944325010179,0.5421937324340256
295,72.0265852504758,92.53950252924406,68.14323072077167,1.6922177606644846
296,19.8990939925484,36.74753222519273,72.1528218949116,2.5981368967011873
297,92.7976166598358,86.68609136593749,82.534321465305,3.645803501403049
298,27.63371527370494,36.95235401396495,41.08992085967165,2.241802354839121
299,66.8218229542771,28.671668304039432,6.848934394383533,1.5968895346316372
300,30.852795955440047,94.21847190180479,89.38517885168413,3.4412427133736783
301,65.2999760945243,34.42891646989389,57.14068040293395,3.260900162865491
302,9.861036872281105,80.10748802553047,8.912080176171557,3.265684124857423
303,80.75638041598735,5.100730882875581,64.58026758887654,2.009812297251589
304,16.981950317171467,14.837893767737565,78.4596169763672,2.2707709953473763
305,98.29991349165324,98.22477772883441,99.3033643791053,0.47446207346306357
306,93.82561369639623,24.45696090205628,48.53016467706814,3.0296262232869036
307,20.3620932077232,56.63116055543299,22.65259108146959,0.4189444267251732
308,11.655861242959853,35.76390348482188,5.4422094995324315,1.699415684806758
309,66.4197105081149,40.16881850039887,13.150487049384337,0.2507554480945622
310,27.81165127648617,16.931269054360076,96.6840224557071,0.60492089989634
311,80.54624374049966,58.610794174114474,59.08225739850796,2.0483228636951383
312,97.1763076113951,36.38447750916378,79.85199634061824,2.2211764298678385
313,39.56336676257261,95.54659333057809,61.84001708964528,0.47566776858405424
314,41.75392009968566,78.15817276816077,70.90596720772531,3.665361319346297
315,25.937738414152022,75.81937163538238,48.68814470247949,2.2944389878672617
316,95.5046681006283,97.92863199891774,86.85114157292854,1.436388350921185
317,88.77008357273198,63.8609177641413,45.849694144717745,0.14297073000193494
318,77.01281241915822,50.2105580724113,79.68790744918077,2.9920911973730795
319,79.3567368048352,30.065115869676685,81.07586691142494,2.1953853138646693
320,47.33262004491432,67.5125913820757,7.029074879143089,0.4092672635503769
321,29.2177365167522,98.29901099578396,18.275848992170722,1.3223852030368413
322,5.105306469192361,33.12688802927263,35.430997218529,3.7872286837780886
323,84.51540869957203,38.27642192427715,7.353060513728623,3.324124455981513
324,66.05361771445402,15.236448365130972,99.62677074596779,0.4009337496964922
325,86.71145415936628,29.426616412968897,46.35857930088992,3.1818261071052585
326,67.75083559940103,93.78643744440392,64.0083309187364,0.391240645916211
327,88.43603632419503,76.91555249885911,72.6276928348656,0.21493418941494147
328,39.6222744661744,16.743581945953924,83.08087129874755,2.802114491271451
329,88.30775973191352,96.6575106924164,78.60102334828737,3.9769323328830484
330,61.476988614429885,3.7129603891447815,6.353893939278109,1.3684155008151548
331,82.34717190675372,86.6134706324731,96.2771902381544,0.2604858741952736
332,4.457111098766409,91.32835963670337,33.97943634447185,2.231949602438531
333,98.24448830007098,40.04485347359233,68.25778283943478,1.6035182545279412
334,76.81946644627797,52.77147255728658,27.564698108703222,1.0852244050338649
335,25.805921253840726,53.23203282585608,71.80295652148811,3.7971196001725684
336,69.40873750829799,78.11928439623907,21.047981007133735,1.4962505000293027
337,41.37802198582661,68.6380230000473,33.109737755802996,1.2131676856786644
338,35.58891546408681,81.03020815432322,59.87105855411813,0.30110911933093787
339,7.824609969046881,37.12869442824993,77.82614980758504,2.754733705914722
340,70.79823546511867,76.7210066054097,32.279507724201295,2.193025127768352
341,54.33526403167696,73.96325011799493,95.9027040650364,1.1119597791818636
342,79.32816727570481,65.99705485232624,60.12259773202871,3.0995191173896077
343,94.40324664280993,3.669141786941299,19.003009738755964,3.025148926004463
344,8.379135291008454,51.61237007410931,25.886773780952662,1.097182815371006
345,70.18404829444162,3.0192773268711615,87.96534565068085,1.77791582140908
346,50.23932939071011,54.00479636936919,66.32670798505193,1.3794263464909924
347,10.110749056349134,31.837893666617656,20.973501212167932,2.2245327178018957
348,31.802863096038646,95.80671779934349,96.74475640812666,2.480503522272966
349,61.7497267667286,98.5378564567106,89.29189936734267,3.06027979663256
350,31.35906117427012,36.55390281180764,24.120342747282216,1.9485925076694985
351,99.03685221395796,91.21509530115888,16.24319623184956,0.1007611571620246
352,89.86376684082661,53.71701279487075,24.018039379803337,2.6946130783385414
353,64.422317792982,12.208560683646718,29.662022182273855,0.24031185725303184
354,20.986047387014196,13.230567485306288,23.35744778508283,2.741868583652468
355,4.949974426106774,10.185461524821648,17.746495617437326,1.266164483832536
356,29.87503108519409,25.50637853166394,76.30098207607955,3.9920911510324024
357,53.397792362879585,94.4202717913942,42.67796065197614,0.42672978721085375
358,40.87738294698373,29.612777341469332,51.87366141747192,2.6281747076656927
359,46.10502191524082,93.51605120778255,89.05265811844109,2.8079103806647887
360,48.968491236454916,13.168728181445688,42.716298343875174,2.8176061576046947
361,28.488552055373116,10.398807754342043,91.25035346350967,2.8362032392621783
362,61.52764266350972,79.24989056089166,84.3863735704302,1.9338359926840933
363,88.118825140944,91.64190107011055,30.797354065354234,2.430181439163177
364,52.658402882046914,53.794577915190246,94.0779939266334,1.220754810772116
365,98.34339782345762,90.21312148042321,48.57867441828275,3.2698130544726647
366,76.90469943201406,67.78949696185212,35.384219491399655,0.7858039672838157
367,67.15276967657582,84.29732964010842,6.544014924350119,2.5712135012340482
368,44.28730246222125,89.80877551269836,35.5399284311495,1.896739249054487
369,51.47671040351863,14.043952137105297,72.7247687563961,3.3219053804838383
370,5.790927689626024,29.138882053690274,8.6142447458305,3.8261764187529694
371,66.71688207038235,96.42004194547815,55.491956441474244,3.2082740955824556
372,37.441398387974004,35.38190325726409,40.93544262498761,2.631448534905713
373,35.94531510216522,90.03674516042256,98.41111217976476,0.12170606134802364
374,19.362329040249648,11.224999258738599,9.02458447368711,0.9109639733891459
375,44.679332036908114,83.69903652886838,26.07328289844963,1.975781022648805
376,92.96187394467545,66.72147067866749,80.81750687681976,2.203975880741945
377,98.046645884063,58.86621546814742,9.323517826446196,0.7919311997591794
378,40.4773628957148,60.12771725737763,78.33343240385119,1.652344503615545
379,71.00583050156887,78.98695031091249,35.139718738748364,3.917080960143274
380,64.96564952358355,88.09980607861311,57.81408043681764,2.9664124286092948
381,77.05440616163654,90.8248379234579,19.28322690278018,2.233133696676994
382,42.83785131058563,92.31590211737402,14.983995953654924,3.930295554723651
383,87.54513240932963,7.382628156424853,51.64180662634507,2.8702380008501036
384,73.81515456910564,90.64941252379208,80.98721638031954,1.243721521376358
385,49.84347858624524,70.17857629358541,18.151499929613387,0.7759631904007893
386,48.10424481098726,29.824579870551272,86.94312872948902,2.345109286082472
387,34.86651977183677,84.88330256044101,81.46345261265269,3.993419508397078
388,84.73076883337349,41.44565348056797,17.112393768148905,3.3625636328019115
389,5.975791796039398,35.027120734485415,92.375108173271,3.8430658937804028
390,64.05645935212185,68.86483169837135,9.033176428924637,2.0579213643581915
391,54.68681788063412,34.01007461241111,11.516699301619013,0.915630398897576
392,35.79839368611963,43.51419865163296,61.138038925689074,2.8895660747929455
393,31.763187327394615,32.89537599189831,6.870706058751853,0.16349944037607322
394,25.782169430853642,74.02449976749567,64.68981388552166,3.079156082711339
395,76.89194362148217,85.65674676693013,73.43033026875393,3.9160436760032913
396,89.88252193018174,58.67171662232342,60.874978696661316,0.13706816140891798
397,99.85265777083544,13.157599736614179,75.33298368000123,3.2840607804972355
398,37.305452930520325,19.685205466531375,14.382189245102728,2.9944240233183113
399,45.26535292056957,71.37177590011356,91.96372664092105,0.5863349446042267
400,91.91710007237997,41.16264595084367,34.00036594024246,3.7722490424111164
401,99.06516926063993,19.889221776744815,67.39964296043841,0.42598125508424145
402,65.09140038575057,82.73132277758496,70.02736191978643,1.669332568250383
403,38.30663595637696,39.31224152234171,61.0226227093277,3.5262690802899823
404,92.90661572687678,5.352962020731811,22.254127491340387,0.44889726331315405
405,19.3334640766914,34.66078106091718,53.120509849149265,2.5178449080366088
406,73.21422191397015,89.01115413858071,98.96340153683012,2.6514259142284793
407,84.5364518667763,77.8038846924699,34.215543725777636,3.502769080939692
408,4.276313794779885,0.036734375145786036,31.0045997919041,1.8483901185097995
409,63.836289500067736,10.17702665445448,68.9359627143098,3.207263468238778
410,18.53129195793668,41.51252548317939,54.39857404556443,1.8072280723379226
411,79.98299308884707,96.05223981193308,80.9005505807771,0.3119712715032983
412,80.49355721591272,6.659633223555117,27.41718659794915,0.6123875873428912
413,19.751910684608543,52.831512705735065,68.8105364730311,1.881285129344164
414,95.96956390292436,24.029232003016666,77.49832187420533,3.480728714028594
415,56.20661107547191,45.62225019615531,61.63752244402815,1.7152390806413718
416,55.519388232336944,41.693395212880155,43.04462247794273,2.7813858725581193
417,9.285121306796796,16.654207272882083,85.86385481292538,3.084309387260752
418,28.145372729439377,37.72689326657602,92.97251812970565,3.272308900695445
419,61.434629997963086,22.149017880295773,9.203937274950611,1.7250313873675927
420,67.26271392574618,82.84804905178515,86.00545554551559,0.13110360517345354
421,24.415703383687937,33.909458847740304,22.929560041141656,3.2119015134553512
422,76.74657630849426,51.68330403809708,98.37801540960628,0.576234164363369
423,89.96517033276689,11.646325416191615,20.502262023841467,2.784876801002475
424,10.956969204168931,56.584509541871086,44.92218596490209,2.9138958621640594
425,90.06752388088651,76.98715146690553,85.72053826001289,0.13178179412492952
426,31.019549824420313,51.54330866863324,44.51556488982905,0.9250198119187538
427,30.78740979600233,94.54309703916057,32.9471835877784,1.415616440719143
428,0.37097737500186856,84.50776272778745,19.70986682314978,0.8165771020549042
429,25.526451709202558,88.46220568448426,24.6128840683999,3.1901054434717597
430,80.80493403229045,92.70205687863958,15.978324792029827,0.8691158893513253
431,74.28982920807213,19.600075428073904,32.20130695297766,0.6669663204454506
432,17.26966861550493,48.15533546282057,15.41989090073106,1.2867904738544889
433,42.6593909598879,2.4548116523977592,41.891650815073,0.37648974434206783
434,49.35785311461767,82.57381885570963,82.75010540726979,0.32179406214960204
435,60.12277576745202,83.45863819712365,27.607391578790356,3.0477060457983964
436,89.07643464500933,80.61241514404442,15.19359799397293,0.03623999808953959
437,19.172410992184563,27.047734094662324,63.53738410851615,1.5370927009692736
438,70.34070306614734,35.30749605216086,19.670415342187027,1.2507593739441405
439,88.4324226389135,95.85323442450648,24.713709736400006,3.1538735480977653
440,27.334873653987067,88.71315434314076,20.72683321564427,2.6638396747762276
441,8.421126471318253,97.38933239738695,71.56016774085157,3.367262957620341
442,56.66693393630345,47.68013639288602,64.07882718246469,2.114966046797792
443,46.9384355145153,75.94502514576428,21.929090719230473,0.6846881926206341
444,43.18426506497062,32.0747916044946,12.04182920173729,3.3778819696749376
445,77.16028066943498,54.39214998029848,98.03583104011506,0.29040026619042125
446,76.6669301027875,26.63703916090968,40.01689739463966,0.8771175408122702
447,78.90378914618653,14.424010202156602,84.80158628485141,2.6463105929193356
448,5.902324526911473,81.09817316001534,64.63679303548304,3.619929278313366
449,74.87223064086382,56.11209274297748,84.47198215882379,1.1122009532048884
450,54.69500618445636,29.361681980341015,96.97941715359833,0.9047852033680255
451,1.5738239670462506,32.585484200379625,52.73839271213144,0.1134517369203003
452,55.92483000339074,87.42827749512301,71.94955846958366,2.491873291913217
453,95.59617507082513,95.82793338421058,83.30531462180672,2.430967389543404
454,48.77645594977067,1.331611324646731,62.59488109152144,3.956352301427415
455,81.8101050024029,34.06046438843519,19.444467379220093,3.1362344578686163
456,74.39378206317416,96.70467919793231,88.11002438423719,2.2226505010896296
457,10.128424696474214,48.350065838396006,34.80103013212012,2.049633928099359
458,30.170157463965317,86.18229919755957,85.2110663283681,1.2618606286682237
459,59.958134637399496,43.01808576390541,91.3638119177135,0.7494436057052911
460,69.77284017849593,97.03753278372166,21.651174358493567,0.8078657136968128
461,69.37233386722279,77.91539245249139,51.60216020542361,2.4387458605884853
462,21.268240881182876,47.66142285673261,15.64682868311694,1.2856877011026588
463,28.477970503095428,44.462536010242005,93.36200441315121,0.7250706485913696
464,40.13882466247205,61.55972191096447,94.92292317703016,0.5325927661430727
465,91.78766169931136,8.105378863406154,50.67043273022512,1.8183594689219311
466,20.960272887719555,34.74596681158475,48.14570049309782,3.460845851642517
467,95.50641453735598,51.89256786371652,87.65948007797007,2.4326863427071177
468,34.90873419876755,19.419420761346906,44.24780331936266,2.091297131695391
469,4.444338825955619,14.584116587085072,62.0175202782368,0.9000063787086483
470,83.73263760812975,32.69422497741906,14.959249689058833,0.3341223542212681
471,93.71230205317796,11.802031124187916,18.386427595395702,3.450664231731012
472,25.4288130277344,66.59514107544162,82.58894026783967,2.4287225605207685
473,95.74885434478495,70.88828992608414,15.711393440847543,2.2336401061835196
474,71.81865260891838,80.19572403734452,7.500526851988695,2.875515661085698
475,82.56808210194495,74.68338109353564,53.67316883728182,1.8320838523552117
476,54.941858329981585,70.46436988266021,92.67685761008612,2.4681408425645
477,88.78343062834696,70.12568474457274,11.49195585669052,2.0033127600064873
478,28.648634831524234,28.517492813257228,38.8131173655185,1.2589310880019031
479,57.860998011710016,68.3601500353557,30.53119177228987,0.5190504902735253
480,5.88087209344621,57.57528450305522,22.68236580163523,0.036991976894797496
481,92.77530793237041,53.71404190832406,13.782577123462413,3.3716844485099413
482,98.32027382901181,44.86006620177172,9.036512782625026,0.470183763024254
483,38.165374664543215,88.55226374488771,19.06367453138739,3.295960376010782
484,1.4976260219019433,45.7388698785811,66.21772839030396,0.2415179281023856
485,61.476275061648664,94.44041214695561,20.22469241297653,2.918445532141411
486,60.90938979435434,18.511638887923056,5.589324397389773,0.03713780202370831
487,53.20924091720286,94.27794095611935,66.20836960923319,2.8571993851749746
488,49.38654869205371,58.18889426345698,17.00491490640733,3.507282481602523
489,76.07926286668018,99.81989528446096,33.28368001778403,0.9080710871842315
490,12.516165796134294,96.42097566160447,79.18409253966225,0.6652984548785548
491,55.26864711082139,41.37682080672768,19.39117074158832,0.6482919401198619
492,96.34699947451857,30.49641829577222,94.4367327099746,0.3024426922603376
493,46.080304229319054,12.96190485167601,5.454801597911356,2.2150642948243062
494,11.389410481136341,72.20245309336796,71.32105569215545,0.7053316298579566
495,94.17421432655166,72.10434084324896,33.307175094908345,2.8369350558031625
496,73.1930277681536,34.22263312509606,40.680913433838626,1.4364260306132004
497,61.66184435520741,90.04101465401794,21.453357441715823,3.5007984393452736
498,2.76531565053425,66.03385959782224,44.37169295302095,3.165126208929975
499,72.1198112930903,48.0107807145184,66.16708348864668,2.007092522799781
500,81.15184706218832,47.6083985968232,54.6998190492472,1.0020823456687142
501,60.50430168104724,30.290480866983504,59.841981381583295,0.6787124622962795
502,15.94690923411588,41.702974119199354,45.54785393550138,1.0724370596501562
503,13.159685036669,3.9210539213897055,7.397023592342533,1.0862011600259027
504,46.18534421619371,72.6243281306127,50.11281156783085,3.616203277741127
505,3.5219804575407077,18.066062154063435,37.15887681316355,2.30998475226049
506,85.27361578939424,35.02019519565764,30.45892483791991,0.247556675371583
507,82.13034776981041,37.966644320667896,59.29726856460876,3.9342216726848815
508,0.15945706042945762,14.545014069886598,79.01554443183876,3.2205099408313513
509,76.92471190327555,53.699889104282924,97.99141319719033,1.5847382399812822
510,60.19436981131123,6.33690045488483,43.93645774119718,2.890000350039688
511,23.873884077069928,94.38275890731485,70.24441992611246,1.1503015314302858
512,76.89989227058564,8.31647718081091,97.60357013849337,0.19714103629423407
513,93.34558911487183,25.28538777482612,76.9932902306346,0.0002947977324243567
514,25.424008917959974,74.910060664972,55.57192673524562,0.45980859854845946
515,39.36297458372753,37.55493550845426,58.975413197190235,2.671908289840871
516,84.083024241225,49.72313969773726,42.24206314399116,0.5759061363815268
517,80.48229649897223,71.33704054145599,43.824352758195104,2.0737292397706777
518,66.51828444118888,16.480558984753777,7.583790468752424,1.2700147967467417
519,59.55850196361631,48.66060912814587,70.79268955199707,3.2787592222981408
520,48.84424667302759,13.426702371782484,85.80965998090176,2.2999613090964575
521,73.99374807828707,70.46646536082916,96.98011827646796,1.1812292893432557
522,70.5306772779262,36.56763331259183,42.564018487270964,0.9223785466348859
523,34.40101756508539,94.82967516582632,32.79423046002209,0.9839624238263469
524,58.3137978473822,25.80359567417546,49.971643931458026,3.336705026224948
525,23.040031430717555,42.66914121839201,62.99652482690303,2.1825156982939418
526,97.47232374152372,68.03702543951951,75.29489299460178,3.867823791866933
527,41.4438025228521,35.53798150610512,9.166930827806343,0.7368172260753085
528,23.718963205167586,18.350446707133848,76.70446985367363,2.1435319251044467
529,66.76338014584672,82.04621608393737,26.923524422159993,1.3036957592859966
530,70.83602670365968,39.27589459044728,7.780739309599193,1.7398208761075118
531,90.82730864154142,40.90215115928747,36.563647062060966,3.9581003317801087
532,64.44155642370131,36.59980264711808,14.691855479561701,3.1513977797856847
533,70.80749334877576,92.1915799248565,25.64118485266079,0.4596973999529279
534,72.40725264090636,20.339584199869563,21.72986459000213,1.2792293415842884
535,81.68251414784376,53.953660510963076,9.355783734716692,1.8555786986372689
536,68.39796113664752,53.83684384690157,59.38277072487281,0.8991093135706585
537,84.7739331595348,56.13987175911242,72.75837123886427,3.92745686805321
538,42.819865767453216,88.10666126765085,5.691696324406877,0.1336291704604804
539,59.027992172881696,31.144939554220063,28.586273866871522,1.1117414288358343
540,31.840293461058756,72.8947696143423,59.07361736193973,3.1561438902373338
541,83.0196579835052,84.29348593012821,44.391194171614316,1.6850935852656432
542,92.6265880140584,66.17635946044105,12.644382478018183,2.1687478163698732
543,35.600725963490696,98.74349897163631,6.297263613917794,2.448723492282232
544,72.3623094398858,28.890677135735523,97.49594423437055,3.438146508086845
545,91.56528409858124,1.923205935154848,59.13785437490685,1.1786009678181868
546,84.9028634935663,63.28496569149624,56.19331541050543,0.4583526787024228
547,54.02228047861908,63.19041463564267,95.81166938446943,2.340204041695478
548,96.74006017456544,96.16061156066621,66.76903190419176,2.0236319364723547
549,46.602174382604936,89.03785611157826,7.684384882316893,0.45523279209428624
550,10.207172911915185,75.69353251210548,37.266847265990805,2.551874178962804
551,60.37829038425656,38.582796974253164,55.498933613027866,2.5805541342866403
552,94.09503298781384,57.56340728609815,63.364913617989856,0.27142327081510187
553,95.2215814760112,52.80819279093863,81.12097488669258,0.20116425258955628
554,42.091013573709105,25.697545915270158,30.362710375416047,3.1658149198437178
555,62.386672526885356,43.97453118428481,6.005645260707375,3.8597117717821194
556,96.20232533557238,21.755221028003845,8.927905370072885,2.1207974520476087
557,95.14108146164075,91.0395845764935,60.54297206949268,1.2141954026148287
558,32.996088376919595,89.79135514860276,51.71948338537981,0.5244649158685823
559,24.84254759736073,27.679490146749906,16.736935068531388,1.8521775260851654
560,91.6050908274991,66.87825429922609,11.885022803641332,0.021979271236650888
561,27.624766746925435,36.26929347939404,78.7912185594437,3.8680220957214666
562,38.756717342354364,68.6690029816861,99.51568119853151,2.9826663355000576
563,63.61895490858445,7.807485417830429,35.70544411349937,3.6535686338286277
564,20.10054816809057,84.35903592732082,71.15075008264802,1.4652974833230186
565,52.917426971265655,54.280646875281356,72.8351095820192,2.0662237643967845
566,13.307599018416628,77.34546715219126,43.59588720608129,3.852375560847709
567,28.351378229303435,26.30787802965846,36.68320258914235,2.289268063834502
568,89.48697402009823,17.62816401400148,31.56948577192592,2.3267193725914472
569,45.43342421615151,44.73228872557253,82.96975489915862,3.6955132100454446
570,48.13069660698819,68.73517954472737,81.10057754760243,2.0734656415486556
571,29.431640895373533,63.808459772228375,60.585364529075626,3.6062512789584416
572,5.2407036769856035,91.01313871334668,55.77104267570916,0.0627044641996557
573,34.47021787677881,72.43335638753197,51.40114335390413,3.9206361497639697
574,42.261007383104854,32.66352296260078,83.05883377080897,2.1916267974321255
575,68.2326579062559,80.57023380386775,68.78561688193392,1.6896299790746583
576,12.479644789430067,58.02481665713005,90.25616603927966,1.6755697060736598
577,91.07252348428405,50.3527819782402,63.97994843203527,3.3319539042225714
578,56.45971096407215,9.09693392955635,98.19304307603754,0.9833972076513349
579,71.05053286301985,50.511343861773874,50.48340049768227,0.9757632754675658
580,72.21507657001041,11.278826483098726,99.0930643893411,3.3814941484288155
581,53.45089400057921,42.45529560580095,32.214140083687425,2.00636588376307
582,87.94174620241681,27.50064007006836,52.55105858629791,0.9381996082681234
583,33.71491136649515,19.026050892333245,99.10122342251285,2.2859897858498224
584,73.28151240366955,9.82499134520367,39.78116725706,3.570559212189286
585,8.443832642394788,16.548322833961315,64.41467298336102,2.4911559764169007
586,83.82270444539296,93.54927638714214,18.48871516540006,1.037495274107998
587,42.74614056932558,0.09032855212496305,11.632358781171018,0.9059651117640866
588,48.11019640158117,25.152273816861282,88.28477976118957,1.2970915021680445
589,92.46228121426286,97.478726073471,47.736845721219986,0.9085152675972945
590,29.16661334230033,77.63336816594462,30.96822224029615,1.5223314716811385
591,47.85758584818498,57.511111646998415,99.62954182861762,0.9288390206543693
592,35.34237032481688,26.2891177010511,39.30577648115248,0.4032180675784822
593,35.98097672410472,88.78650314643885,33.36603554541266,1.4877391193962755
594,94.44741644379346,72.83789963268681,54.09017790771459,3.1087709136137622
595,12.317964885450394,46.44903532208423,16.2324322299073,0.93447258007832
596,14.18672597402586,36.18012391691393,41.255735437612955,3.7892343273329634
597,26.412573118752924,47.24288453165168,82.08104337653124,3.262470345746647
598,75.03431870350202,28.783376214007294,52.02230384407892,0.744846380746893
599,18.839952278280425,43.58412131383109,75.16626101807941,2.1063370399913515
600,88.66832208474523,83.09087977775759,8.002517067938529,2.273676171464864
601,60.91612643556431,96.15751443000815,7.2074795373418645,2.1244150838745157
602,20.47813619358524,5.366290629158909,60.811409849513716,3.09041657453121
603,77.48654492251879,3.0288410155906775,43.65990802580099,0.178038508594482
604,24.783864699076975,19.288070275794833,25.442345028004937,1.3564736561381143
605,27.74180418359983,96.22799113275983,38.4786764008913,3.5766900611718877
606,18.104167152092508,76.37468671882142,10.827825922341063,1.8510449178773651
607,0.5510440235525937,81.02907630694361,95.29617342358948,0.14042948330858263
608,93.38463614733145,77.38538914913529,39.091849985315555,3.635506204891221
609,29.625727125090094,40.929531223476204,14.187569908242056,2.627755847600576
610,2.960082874227188,48.49052751990372,69.90322577399071,3.2849504037964437
611,14.994138962166215,75.40903662487175,73.31231723772781,2.2382821364791368
612,58.464459778786406,9.127072085677812,62.044749107836125,1.5260888282833291
613,86.7580851341647,31.30988817359902,59.77653234953485,1.7062855988047776
614,87.62619382503131,25.391666698918904,12.48622422939874,2.9946228839325584
615,41.28966169083215,58.90983591262915,7.506986512768356,3.808439165589608
616,87.76183773849765,62.38679005772775,6.617835000698714,1.5119058959315064
617,97.87965377421489,68.13303587402346,20.293846824774818,1.8423869946180025
618,96.6737743843486,53.470817441659335,7.338380162833333,2.479088337103911
619,27.12165309311598,9.884595187690437,43.276302249529834,2.2340923897289793
620,1.7040718047802716,55.90468086359475,53.56429894976556,3.1756335323950404
621,42.35498168153972,55.34504296698862,75.490883885427,3.588583487127782
622,38.00345760236875,60.16334957831465,70.98803582455626,0.1730827057687847
623,80.07605084861348,37.74301852153938,68.67269943714294,1.8866562648197962
624,70.23391426917073,72.43309792357789,23.199246281214396,2.648696937145802
625,85.13234378820871,23.556720050497482,77.0274296399184,2.5353004526208944
626,95.51260344725638,26.02465772917608,19.656388877510338,1.2484840611267995
627,25.79587781979187,75.68327604735128,74.64538386544584,2.6787396034213353
628,21.63791144584878,86.18068074390897,95.87429780659814,2.126423272434578
629,64.93727306293859,50.06920990205621,31.937982934747367,1.1445904159864169
630,31.342052273491316,19.085000416415397,90.68274509978518,3.4335925361867434
631,46.16393613188367,36.72514125601705,94.21244387197437,0.8894938769312404
632,55.354195946680164,5.449815554216264,23.164208716657654,2.416107733438039
633,66.21836528441698,58.09958186732397,87.61213451993252,3.973620883290988
634,76.38618421529112,46.50917841437588,84.22379359813975,0.48154957666400655
635,68.32706964459298,51.833778745343395,21.916259194293247,3.891734469120856
636,33.84374197787475,61.54234059633834,88.46645256487044,2.0267553756592824
637,11.513785017643185,81.87390843472899,38.55530787058605,3.9322674755673552
638,88.3825446444558,85.34493333489573,38.84405186610044,3.0285191112362626
639,98.63290630015888,52.63216119513313,49.719554720747,0.058663283888283235
640,70.02037687349363,85.84775686018541,28.508432677773847,1.2600983084586272
641,50.06770213261564,7.208015736151685,13.516035229380014,1.6844430355523232
642,26.121895270342165,40.60373025327685,48.16669831949411,3.9050935869564727
643,94.42598201028373,13.97301515397661,88.84566750456341,0.32082664932031424
644,50.76354697177541,16.390990010976537,39.759753808908734,2.9733609025946586
645,42.45054793568499,80.69512875713338,73.28749254856648,3.771357784844065
646,53.41560205858773,80.21479539877953,35.676175102019926,1.3829833803594584
647,40.05104635815054,41.0915734298089,14.80905596326758,2.0763957573274543
648,9.680321926902558,88.97621358197641,10.875254406212846,1.7987777212372351
649,28.46940663904305,15.486941565447909,79.46448563001017,2.8597295956781026
650,14.59478901815131,63.276564110631014,80.29274089639237,3.0933288814795477
651,9.227959766336157,68.55127190457763,73.02227248393982,3.448665068168109
652,50.80443388649867,46.109400030335735,96.68605086734964,3.186049022955014
653,55.8730990806489,33.061707131127946,85.29760962033352,1.8217455578576187
654,9.268519215816063,45.49042727134398,87.8369976342639,1.7931285875777818
655,1.434914774035012,61.14853239164696,99.60385032408288,3.2689943361620473
656,61.72379466181479,91.4398886797885,82.29025975685089,1.9945574109601618
657,59.12202854073818,73.12928092030198,85.41048557799215,0.2327056095068456
658,77.48038571611511,44.750343997820195,67.77586322864636,3.0585320438354002
659,53.950192502744834,15.851485058039906,43.90504899423528,0.3074919750095191
660,68.93006911552638,95.37061819630834,80.54901716129777,1.559145691148475
661,58.42914960054944,30.420067584686915,56.39933195772168,1.202907623138561
662,73.832475679861,25.93415079870255,96.58193709121997,2.647794928694126
663,6.877784768384377,1.077776350569315,99.71940269948453,0.8820223128631741
664,31.25627484571776,20.841401420210836,93.16966838476232,2.6080514386744564
665,50.43863235561108,55.76508144925704,35.19792049342279,2.4567000094553655
666,41.960036345493194,19.92281464241792,67.37748447243874,1.4953622770368482
667,78.50663791171615,41.5394957509527,53.285780629388654,3.149865916723585
668,44.78780929197311,96.62211351241645,80.3377233835356,3.3057216212599143
669,95.39204667037276,38.885062884320746,60.10762509730623,2.774366963182414
670,67.34584835406308,95.29367945610196,32.39312021844178,1.1654461145039678
671,91.80044020391466,79.93056417265596,24.318879286611786,2.2801875123710706
672,74.57637340963282,35.30363904475091,46.26631386603206,2.301586446643572
673,46.710855754821054,75.30423900690329,5.564181599891624,1.738530097564202
674,33.758137532887154,60.91640528298269,78.71605197872917,0.3045806488061209
675,15.805973360119241,66.50816241420333,75.14823189646461,2.3528071083153415
676,98.28033489679264,49.94614891065746,17.947771834276143,2.74516424148432
677,60.20755221947981,59.04214750302634,56.85609534840783,3.7563828381981557
678,12.915639682655799,7.3197298524978365,19.641131090845377,0.9799608396198018
679,59.29463194364691,61.242524909673435,27.097178358423005,1.95690199724375
680,48.20618527677348,45.31107662852249,81.33680301670252,1.8867722795025275
681,75.8365495956166,16.648113180479807,55.536897686950965,3.296419104252782
682,17.771658391625767,46.49221686976623,62.86253502339309,0.7390982993491493
683,75.6765605911403,7.899624779631742,94.90947334623328,1.872885976872543
684,33.61230863654765,11.680700716264036,46.096681091447145,2.639216117563087
685,9.448727914238408,30.62690951677486,84.42167036340756,2.584724102393309
686,20.63730118576239,16.090979579308918,90.92607748908549,1.1480808853639375
687,17.95001688986303,99.99640185426024,34.37322363890106,0.49896075123745476
688,46.17576297529471,43.43451101984821,93.04623520388145,0.536819789905219
689,9.113640612930684,9.29786709066801,90.90730925311246,1.7974767118443085
690,15.060652815522568,59.38300983792906,56.07421878682905,0.7936269909955973
691,60.3038139426371,34.02312343169456,27.645222934432645,2.0416024435961124
692,29.16492615163876,22.213992176121323,88.57362878846905,0.6230503062936692
693,28.05899772848325,38.61383798498257,30.99563947850217,0.8428425703110785
694,77.1146097054588,32.90161587235815,15.688730981437152,2.163580649826783
695,12.54884972364103,35.75196074409279,88.77354241586697,1.4766447804248788
696,63.250897428825006,51.462553600863124,18.083860348907685,2.5962783911633407
697,85.60349969338063,9.321247404534406,76.5996084673302,2.7608451260759126
698,86.66605749971458,10.4091932133467,34.04106104268449,2.7771659489054965
699,2.2017978886650247,73.40756777304887,86.50796500510648,1.81321620950703
700,43.432990342665214,27.8468962069366,5.4799276504832966,0.7452140666654241
701,97.98641184223712,86.72860771213567,30.317940681147533,3.8549954284841856
702,36.77126159532859,29.758537475118008,19.51672536773909,3.606444278042696
703,98.69924910668593,32.74114040526824,71.82589021905055,1.3412136392382186
704,10.49907393054552,39.26923068823239,57.399146272311725,0.49206703670597696
705,81.82727747897611,49.73631168932895,27.266380487934434,2.3710383141717735
706,79.3259306054402,32.76243490519758,71.64025081805647,1.7114367199227494
707,96.40511688456009,77.09400866027316,38.85333573959199,0.0709918362470483
708,65.75198953804279,19.78721585848523,16.578521686667614,3.727105805587175
709,99.99489702149168,26.988882056438513,33.668012455764114,0.6599557569526748
710,45.76847759296238,86.58437598357476,71.6430654518634,3.3853262323063507
711,22.84816556735805,73.04560674084802,92.26002969762573,1.1256644568575616
712,69.06535435911852,40.06574116898545,32.571531290097646,3.878493875017398
713,34.86332299682927,10.784968126068728,41.91597491393188,1.7907131638399294
714,75.22108254992379,94.99142669470028,82.62041346045021,3.723765245020424
715,47.50601299749311,71.93165682364342,34.35971057617823,0.2783484340760718
716,36.547352532599355,69.79152283282977,31.089100473564155,3.4456235825660837
717,79.07728499829018,19.404254918460296,36.42949243662664,3.301210470196367
718,24.393778951129942,33.160214566713066,37.59135858019324,3.204168111303067
719,3.7030265605016766,7.378698312141429,59.952897075479065,1.5884479639842666
720,63.28853196107076,26.646127617938287,91.41035436074827,3.0437675486978244
721,6.774622055039603,78.3905477285034,97.11032536966387,3.769742482349892
722,73.54837980254477,12.35937534812156,59.72729275484314,1.1369309153619551
723,97.02129436362472,71.74857253616094,63.02273102980483,2.780352170418905
724,43.79791291096805,37.27367514376066,93.9009600467966,1.3277085391707466
725,4.143613173271932,40.08401541544574,80.08233349905886,2.593873432195678
726,96.21707754778747,10.620186761913764,91.59689871179143,1.4753967756562485
727,47.40025854219123,42.84821544892344,16.06296670378194,0.9911858229007549
728,74.2271569229792,2.30075418456952,17.71933856669608,0.1008406751654003
729,85.73880573235492,61.73248277817797,21.14322290126309,3.0750888922150144
730,96.68005974515538,93.45603745300181,92.5470170421557,0.031240861622972904
731,58.90134889852785,25.663261663902926,58.64148535943658,1.2721211566422186
732,15.36665427726126,44.44937233583467,52.034151081755475,3.959062027390498
733,4.238788413854011,30.11551988972766,85.92991528339066,2.638781992504171
734,82.66830318458959,66.02909185597778,77.15594936888263,1.9716869999882292
735,20.48776928975975,81.00038608371999,58.942962193077065,0.5580207751473187
736,80.48940268708661,95.85859103625782,37.885567899704256,1.174049008345774
737,8.177517820756607,66.44912264494155,96.10135375716719,0.5439707599664305
738,48.51596313193155,9.823818465324784,8.240440852432503,2.6580042026705817
739,86.76871753434979,33.757053612602974,88.19769156895943,0.4682123966041276
740,23.796068191747622,90.16067269067184,53.30843990061367,2.4327695351880965
741,3.8018232542507913,12.838991014788892,10.300127187581051,3.620002959798677
742,13.479496387094702,84.96728266087545,38.348296440383045,3.20238998546312
743,36.50435474567474,26.768403969287647,13.897766612960437,1.1228263622965349
744,47.147971671727994,81.75087988967955,47.988920703026295,3.88574229975047
745,54.163301085482296,2.4945629811443437,44.45989351817088,2.755596429546055
746,23.42916462498248,69.86299508481586,52.851243992244044,0.10295110233246119
747,77.43529494802057,56.03737038140751,12.836882792703872,1.900856133849092
748,28.729288177474665,87.9681542587933,32.06807001668863,3.7667482838967956
749,54.61327493471126,32.36137095467213,82.28677665466985,2.7896015134630634
750,41.39624956958795,62.96183027065931,78.96550508268672,3.4062311771339573
751,81.64127137140636,16.6077088593418,83.69700748784064,0.2345162355350885
752,20.01706815505686,62.29267200659891,15.895789917455913,2.4133903802248002
753,30.79656913635638,42.94665851546483,34.93939282732042,0.2806942714596179
754,50.075875292196095,96.35994443948874,63.11941807521208,1.2001274864685012
755,95.61498341240191,38.92372519522274,71.26418471754013,2.536451219689777
756,95.29108480388516,91.4602694494837,19.06038535325297,0.34274349891768985
757,80.96423277988296,90.49432132968231,51.832492372675446,2.7630450953351002
758,6.9788280178418205,21.98043978564719,19.19073849238851,2.404642334200136
759,19.753989376610715,5.984631555085063,33.70969185992102,2.708849716455811
760,57.78637242618545,33.07249654946358,84.18049320512075,1.1050764320483584
761,26.054763836568263,55.99474107895882,50.43048578534869,1.7838906424014427
762,15.578561895406718,50.464619163299105,29.606797141167203,1.5687195304760615
763,73.35704476706063,93.68628255593556,78.51698169298581,1.6225355784930549
764,59.30331393287639,74.6497815875704,44.35099975910969,1.4409926352492044
765,13.524329595586327,73.62608014758756,84.65831612672436,1.2663376441198113
766,78.35077656425354,61.02130583369875,79.48788940830818,1.6453495325986576
767,74.75763636496066,40.8509117897626,13.432008614848026,2.2023156725397763
768,45.432872638864566,25.287988720157717,89.75076682184307,1.5314132221440047
769,3.9126111432281396,38.21357402025903,45.328431750535124,3.4465508927766395
770,79.91832081050435,19.99665859079243,84.70777646609274,0.9917089130146608
771,34.1934148164293,7.681845397749132,10.258849747764565,2.72344048324455
772,92.3341084521733,49.30168542378287,85.1889026360654,3.1750049987706133
773,66.46787233813292,97.82289311177786,81.20785248325667,1.0993775768570457
774,78.9014246221108,69.26616462839036,42.95444243045341,0.3071898809084601
775,21.435952961809967,79.7237891643355,28.606102372924674,3.991431932093392
776,69.39881399885446,47.72224807176079,59.191485570133075,2.4434908941657447
777,96.89448200326233,16.174119463151946,30.877601252771687,2.8383641918849745
778,23.985798314356554,87.12971622020503,37.920746687521266,0.7233575996632764
779,4.762076084981848,59.559504031794994,83.4018080076824,1.095172444595165
780,91.75394862588203,75.77342701180048,10.823564837384549,2.2905319866989995
781,56.74409403252657,20.237230493598023,36.78171597324354,1.8331155743350491
782,4.807782123741844,14.977640928588787,20.580416965503076,1.5169430178255636
783,74.73574586765804,83.1303659097259,20.470659371618694,3.0076241440270794
784,67.07099583881694,89.06873919138783,97.03516912479132,0.4978424352397641
785,8.067386142081666,79.97301289520094,20.40623294315655,0.7782980970288276
786,88.20359225258268,93.8964897102525,35.25476817268253,3.368672401751976
787,85.8856909563651,60.539048050203625,58.77840256599877,2.303353636982439
788,30.128918764272285,61.886703893899075,28.140125755314155,0.7105291603024351
789,41.295045442400635,70.57804229844352,64.0356302983891,3.85952831735881
790,64.64559113657225,14.131404979592045,20.315730262789216,0.3722685603113285
791,19.1173764997013,59.795090067912106,84.63721512640745,3.5754706082698293
792,40.00438866850485,55.85830285872318,81.87396125432727,1.2482820847806764
793,59.56690044386951,17.408251105366567,50.271332349218994,0.6922890414538734
794,46.24263902991456,39.68196917675796,46.16015823254687,0.974848904426072
795,13.604334237850612,27.566532791988564,27.76010372817137,2.937184810337799
796,71.6975072981546,58.44829937642724,13.676710826033641,2.265047417120132
797,7.923702594059778,1.8173019276237823,38.496630938077296,0.9621796762555976
798,59.464768143304255,92.86424880696137,73.38594263826324,3.0694434478839483
799,95.08931103706227,63.40910808965676,59.88443943393343,2.407471903810834
800,86.58052565674659,38.809903520698505,80.55694141186038,2.6090277399086457
801,30.45715507819634,1.3688410984091681,24.942399058257397,2.7999550585074444
802,57.969030974523484,27.459469982028605,46.258734783097275,2.6445950623256524
803,12.708614048989697,43.22795808512164,44.579300423288046,2.1704040804809623
804,52.191368021849506,36.77266850678495,77.4596947371919,0.2689161599648551
805,3.5538472534346055,42.02593395983754,90.18595376622736,1.1102774021186765
806,17.230932469765314,92.82083943293762,20.981209185344177,1.4993621468541023
807,72.90155103364921,26.092400847760178,26.83570514039972,1.5906689357262165
808,78.73648145968252,91.09833531625064,7.972790151428509,0.6604325094876811
809,95.86012891469076,59.279129154896836,57.38397556961288,3.2541747171359785
810,3.9783298028444825,1.3836251172974823,96.91193472165122,3.3142827422907244
811,74.73817815582686,15.570077014486671,50.277372689109704,3.74917415426339
812,93.35995956239546,0.9247106979528796,76.48668385558496,0.024951065786841475
813,98.43017276705565,41.696720199569846,97.48428200810947,1.47098723612255
814,29.31872905734214,31.62919638346049,74.41451133066606,0.7986913357207879
815,86.40576917926506,59.05726936267423,97.14154746518062,3.9483396139445945
816,18.518200130214534,95.57820535760177,9.421156206022449,0.11145489649242268
817,94.38645773285519,96.23967374499934,18.98852890383902,1.7696632615559924
818,49.40925279881825,86.02812365183044,64.65213810363606,3.098265696806462
819,48.5096845431291,64.84137022418282,74.86388920245658,2.9515251356692054
820,0.17378267846723805,9.99080737300606,39.54774190491952,0.2447897884141672
821,38.2989702367717,38.95668484721922,92.42218604138527,2.2682874195787637
822,70.63512805336583,88.71986820862284,47.00228546168515,0.007848578389528793
823,28.533602462541374,81.4158700037487,90.67491113100711,1.4060383244728842
824,29.39912529790484,92.45052110687334,38.3520049183641,2.6089807523066333
825,28.030923505056336,9.79187987907415,52.61744961967128,3.6929273484726703
826,61.8640753927305,20.882662478373437,69.83080946992324,3.0734445763905303
827,32.07605619149588,55.920940143103856,69.78554748939564,0.6414125815219527
828,96.41009397724625,45.125196144984194,98.0681170948463,0.7582954633779804
829,48.37735463096444,16.58536536758377,5.967178126474176,0.951500690300811
830,40.31873370680834,43.11307377242357,89.21798973489943,2.5427090555233676
831,43.444165521853016,98.79976996098128,63.35131150453514,1.2906518599398864
832,69.13108812107947,49.56999226830051,88.71093093647636,3.586045048253285
833,36.73504001211696,56.23390508601441,30.248477184399015,2.5065470069702
834,99.23469623196748,83.25885178221839,39.8089405287684,0.38152140797396994
835,96.66819873735142,38.958477867772025,32.87118486034744,1.2653415716222702
836,48.99233666388467,95.67513987490005,98.72912052668168,1.1845069094095821
837,35.14687077474851,51.1806560066037,5.777792419824915,0.6993462529764365
838,93.60590205048064,2.9435237061361197,14.59274657345166,1.682588068134875
839,73.1450249159012,26.887823039034853,34.06673110261964,1.221891920497547
840,87.26019267536064,22.609760622741792,58.42817347125308,3.9997245880752645
841,72.84654948930182,33.635065529692596,77.7186021815789,3.8156628295424357
842,37.35378071525843,70.80112400693307,12.201404996341969,3.581187347016567
843,9.6256724624312,37.292509626159465,56.53805507191239,1.0543105698008755
844,64.92693259871776,55.442872739241146,73.13259782832007,1.4165574604886433
845,54.60138896526734,81.2185400181229,82.01615287013828,2.856959899407526
846,54.19358896149794,67.32611007744953,13.253627560644825,1.8852688028429303
847,86.0143500304649,60.73648217266423,94.45989505338355,1.0487140851763237
848,9.630180211077544,62.66134356038866,13.637963332936136,3.1285414536976637
849,25.674240814905723,53.87518584436566,82.0808188286532,3.1521414748012
850,49.59750270792086,97.58464133154727,52.27514992362986,1.1151656667642218
851,30.24312445516868,74.36427238772701,46.5251686946064,1.675153939141961
852,2.048659526993446,30.527816042104927,86.73639258495264,3.2140179929085875
853,74.65108599826601,2.3128386675719925,7.564077686010853,1.2458598375635304
854,47.44532722181333,90.97412679862697,41.53983252052624,1.154100011451571
855,57.115296830471266,91.46942995496946,75.17067758891375,3.426665127917242
856,18.21976449230329,12.56644453137924,56.68675770044483,2.789483302869
857,95.49880481625318,37.15344084564789,37.922900959351175,2.0634171916063386
858,68.49379367067088,56.602377711530316,73.68791586659663,1.5212597484499617
859,86.21976301852416,18.297559358395976,35.01094106869115,3.0947106550812697
860,33.56722539793957,66.81546023700152,32.34077288093127,0.7484173697331711
861,30.073256395315372,88.699329703788,48.78389722571264,0.901660614952914
862,32.1438589165044,0.2770956625681942,76.80178733691773,0.9027098097312076
863,59.79210402705024,2.510953817714312,84.27735103748417,0.7497790145454206
864,0.4768377764269971,30.11878083654256,92.44627628954082,1.0504568721785432
865,50.347883811791135,40.722984435770435,32.95367954154824,3.7094143144062834
866,78.89949080537266,76.19133153738572,54.98017682571778,3.299446694919349
867,45.842865821125365,46.518955047155565,51.90853602427906,0.9476409008982838
868,92.36518593869899,25.87506748785492,23.825152494249178,0.975007173326341
869,81.7352116565939,76.85456376763617,45.575146803326476,0.05512761849833003
870,97.57350332508857,13.253097749036336,85.88515427626274,3.1268923465230096
871,93.8075781711365,77.33985390852888,36.48030112856772,0.9276561736566777
872,37.769082040641486,20.308717051667458,73.35960103577032,3.306074529976442
873,64.6438892397248,18.60927313091021,8.551547547721343,2.321605067427858
874,46.267310507961355,19.97039281990324,39.96797071092765,2.165865022435813
875,63.291711227657956,47.66437775428183,97.28231806486374,0.1849056018834241
876,65.82079130268984,90.95579017878256,27.473600055756375,0.8548287522765508
877,76.22328074825822,48.63737941052359,99.25686313629879,2.3564944819668487
878,92.34419334879928,1.2210519663421904,19.681263945191986,2.7376761790063586
879,41.6466369897446,83.59645694289803,45.74531879286922,2.8519867854199425
880,56.616001703345816,11.990356732862285,73.20536463716807,2.8254872053907922
881,11.571815121321471,56.1911457807729,36.886751667128244,1.8353991281831021
882,42.2758693030776,10.47744042491886,20.012183697671574,0.34723446457460083
883,19.24470136033619,85.24443864977455,7.329651679978626,1.7264690011474242
884,80.09363887030906,10.025820452739008,26.632791065101642,2.9097588302331476
885,64.75524325933526,56.30238367151661,21.305877579677173,3.1781240478634625
886,14.141411188129604,13.479789472306425,80.52832920881866,1.4768933115363012
887,31.261711592334684,27.867205131023642,35.872350104922134,1.3623503988304209
888,69.63676936065396,24.026220115127252,35.90601308002096,3.1048460338802646
889,91.31505733137121,61.283597022843225,14.986231798966667,2.1663386428344915
890,62.77788742244063,31.40526970069475,83.66003542805524,3.1283152430287124
891,57.530670672029,14.50155894271119,71.2512392399887,3.5813946553660885
892,25.01011097732363,95.86858956840082,78.27372771787694,1.2012862991164495
893,61.68211241115817,30.78479320806945,14.449448228919938,3.296594678482742
894,66.58070345090323,61.40006512807219,18.506423667757176,1.5095084526791882
895,87.66360800049111,16.33044607769063,9.550774264726261,0.7646059075607012
896,25.018000717486398,78.36425237658834,66.57343976298648,0.06937098722596868
897,1.7289652741196648,56.68964288000554,65.16278202593743,0.5016875236622158
898,61.046215208355925,24.035191041954008,36.988527533751984,1.6353263215373652
899,11.619479623427964,96.3093605444955,97.5076230946183,1.7800067563576296
900,25.74664780802747,95.85944465253112,82.71545267198313,2.896914422232928
901,46.18117872776393,41.05787014411722,79.03818086630092,2.0784547110585065
902,66.0582138820808,56.61929816084119,72.65761367937948,0.3764200163136038
903,37.76210926357868,16.70891885098651,27.99417050223588,0.8032971061527232
904,50.33222993038652,1.8992988509918707,96.5769221908022,2.0758553056382847
905,5.257151420438899,68.20538403617591,30.54436475929827,0.4270703703537193
906,83.03036859749949,19.79076029143242,14.951655541664978,0.22762581041532792
907,72.8557743534167,65.5271247322768,5.778918355677037,0.8859221617932147
908,70.46820311167495,15.214085470395233,59.79132439698564,0.8526258670084292
909,44.92342848107873,86.7423061801781,33.746660593593674,2.743889559700925
910,43.82812327828012,9.61552543014883,39.26032439692109,3.3651202653924304
911,97.30462422682282,84.50816706160053,20.411697123487315,1.3820371937963385
912,83.11881586067501,55.389593439576544,78.73765072586878,3.1111330664671604
913,7.108790063011961,34.24065656010231,50.50704301803188,3.780898886321552
914,89.82288010160042,42.30319829312198,14.08826311125693,1.618169147521527
915,53.59033326412808,90.43971913990313,33.01353037841562,1.2354565826759494
916,62.7183234547841,50.5191555071379,23.60755111058662,0.5789089953703175
917,48.949720980534664,77.93909564002804,78.98896889789481,3.903214749282363
918,38.27181981579947,39.1989326810261,5.172852004150277,3.319669460781957
919,64.66284440680506,76.99221187318909,49.709203994756294,3.6807739545634592
920,2.9113797832714394,11.528118273788834,40.7216468222928,0.3404236324542884
921,8.788788196507191,56.68726793505451,25.531591859142164,2.506140842228518
922,92.93998221452581,82.38822097031291,28.60088681761179,0.35865170444529193
923,95.01924682159203,99.44959313733249,40.577015449192025,1.842709044570244
924,14.533366133006654,71.01807927776814,45.074192651019885,3.2120605810176373
925,57.729671142457036,4.278380916663371,36.820681347841756,3.2343846826806146
926,68.81138813839269,63.25319473789155,68.88794102002743,2.420147502494393
927,64.11243265875744,62.042110464087095,55.675654252942536,3.0309885017096523
928,36.94925635212319,47.52383386405016,43.13770790737054,0.8368419644877099
929,32.18889624998843,5.501507760990066,35.92512522264802,1.5623323717325164
930,9.338409764882382,22.045512971209668,28.706466007069892,0.9098808328347552
931,35.02217015239493,14.487610506997385,74.4926289002227,1.3706194212710128
932,12.236523402169796,59.35997813267829,22.06657663615516,0.23222528271077492
933,16.329214202474283,41.99948120491419,70.8833523331064,2.5660035390850404
934,0.5205979359825141,79.32906525140861,36.89033895393694,2.7188627638222793
935,3.2673171706932846,39.37882433723108,6.8629976253147875,3.265382140580461
936,18.696718051616436,67.45479075190917,31.321285458980594,0.5414044573505907
937,93.02953390465765,59.50246157866221,89.60994949339485,1.2263976066025566
938,82.98353336783944,94.16823334062823,42.54246354474488,3.6165242047937878
939,33.508574267910994,32.45999991272911,99.5946038585341,3.8096417927094093
940,22.8618345971475,83.72020270371453,37.5334983758857,3.9169734959121074
941,84.98176287600633,90.49193013125382,59.49898359150806,1.1766054092847216
942,19.752500637670998,52.78719205461331,68.79399389713332,2.9671545404948025
943,17.038321256296285,53.58879925710621,46.43043290904571,0.8328968439112479
944,55.296231735882394,27.591372180645745,55.83018292540727,0.8004373796035091
945,89.99425369158051,33.81028249195906,62.98178725249034,0.48773194967958355
946,63.00171925284672,27.204033929140834,95.87050108526088,1.5766170641653234
947,60.74065567118579,21.581336566329632,86.840239273258,3.217331672481865
948,24.56353122757715,91.10485080061056,8.81472709324213,3.010292482066959
949,45.78687853426443,83.5459394476964,49.22116690642076,0.26232838268161185
950,22.654553229584696,99.43748347169384,36.746872263090026,0.6412208681017315
951,80.58308258054888,4.5069827390500805,11.308831389532443,1.1900751178174644
952,4.740097463539672,99.57126838923057,70.6572441778026,2.0783457634294287
953,80.51663899562637,66.24868006119337,21.460170599209984,0.8785351985955572
954,86.76942857212914,33.69613267738214,47.52583254936345,1.564542848493386
955,5.202981200504242,70.45737172836195,56.30703767469049,2.704560327255721
956,27.823138966714332,40.691390832697685,23.301727415806557,1.678730525748791
957,65.34914117970338,94.4689043192468,68.02843398917074,2.100638919971995
958,41.63672224981614,10.554968426098032,50.32205820853908,0.6204323726425751
959,58.218718307909015,73.0247077610584,94.91708311037827,1.1874114707518664
960,39.690553875753295,18.29519395253323,88.4043484386411,3.296308897797691
961,77.4959894673236,5.729003854990133,57.88834698761755,0.9400542481418763
962,11.968519672230693,78.16131001833894,25.100230635229785,2.0032467929906783
963,52.60963484005408,21.328200403897156,51.764810800626314,0.21127959039998778
964,0.0072449638492178,88.03219316643703,44.480926698184454,3.6296791958134222
965,49.63073597282596,43.11082945881648,33.111653362567694,0.326755750372155
966,30.969464926452183,60.847026517384165,77.46470298618398,2.1633020706153747
967,75.82558436964189,15.775159165898744,60.407793509521504,3.5304129081028415
968,21.79602076408034,22.76689383929903,76.1010887414648,3.248227139395182
969,24.804632969409923,33.156980418777785,65.01809304280812,1.5937268527567592
970,62.40109701292529,49.64300320967251,78.49687436247888,3.383554587653297
971,86.38272093051602,61.15250777298431,63.19548992932879,1.7985875952776231
972,2.761404496330544,29.918021946326245,11.051283257570375,1.7511409954390125
973,84.94852489826143,59.68020177048212,69.17559683560792,0.7520318871082998
974,26.195314970279426,16.313215297289453,85.0554324147409,1.1212520519499702
975,56.23263097012292,14.112861301900848,16.778946291094613,1.3903334528640698
976,33.035315806001734,32.885323381140786,62.08861476687684,1.2639606241617778
977,76.87358689747713,9.067076824664133,35.85465648507471,2.676772514008251
978,60.293211047753005,11.951561836705537,46.749981847809565,1.2368858514981467
979,63.18704323147726,12.987027957280361,68.70376268345223,1.855330125079159
980,27.488998791925702,74.7443993664076,22.85143625475838,0.6089517542522072
981,1.5355936564545813,86.1300356312702,51.77472636777659,2.066862437286182
982,11.476261670583533,10.777613604762736,36.709423464996775,2.0649225760744456
983,70.08722190433495,49.92703565129284,83.99805094870885,1.5095693269879562
984,2.8087991954701463,42.615227502611276,13.075249785149772,1.2882177094547664
985,98.51546831184075,85.73542571210433,27.463292750099203,1.5038497252508352
986,43.11651309443108,76.38683777001857,8.178427142953684,0.1544910801116135
987,11.711786752871545,62.83249825850742,44.38192863822249,3.3957025150493356
988,28.405789022783722,48.925202980943375,72.1446435453257,2.180804788660037
989,31.679997775695934,15.25427686133508,56.35732476931915,0.5686260090485931
990,93.93044596914456,53.989061061064035,21.616953961407987,2.8825701876676297
991,10.354719431977221,77.16447899740201,48.44246555250915,0.5306478220501281
992,3.7211036308801515,99.3377993689905,31.064987558324972,3.8089944882868245
993,50.183633673705074,50.30153839254815,13.651623245352674,3.8028232753519
994,73.28958645500869,51.87278381595512,16.424428212019173,0.7027062779531419
995,43.21666051417837,36.22588207322169,58.02311065277661,0.3053758990288351
996,4.034601931833981,51.11030866900542,7.7076311882618675,0.2382078160407044
997,37.63414581904063,6.177906973480196,41.61961452855326,0.9670020636377457
998,18.777029710908767,40.46798314862629,16.39087103496942,1.3985574684770832
999,43.48736293666029,83.00029469601378,93.61658733581112,1.2333537378649302
